{
    "events": [
      {
        "type": "good",
        "eventId": 1,
        "title": "Youth Boycotts Slow Furniture Production",
        "effect": "Decrease pollution levels by 15%",
        "pollution": -15,
        "money": 0,
        "deforest": 0
      },
      {
        "type": "bad",
        "eventId": 2,
        "title": "New Highway Expected to Spike Emissions",
        "effect": "Increase pollution levels by 25%",
        "pollution": 25,
        "money": 0,
        "deforest": 0
      },
      {
        "type": "good",
        "eventId": 3,
        "title": "Popular Online Celebrity Donates To Conservation Efforts",
        "effect": "Gain $100",
        "pollution": 0,
        "money": 100,
        "deforest": 0
      },
      {
        "type": "bad",
        "eventId": 4,
        "title": "GreenHaus Opens New Luxury Furniture Factory",
        "effect": "Increase pollution levels by 50%",
        "pollution": 50,
        "money": 0,
        "deforest": 0
      },
      {
        "type": "bad",
        "eventId": 5,
        "title": "Gender Reveal Gone Wrong Starts Wildfire!",
        "effect": "A moderate wildfire starts",
        "pollution": 0,
        "money": 0,
        "deforest": 25
      },
      {
        "type": "bad",
        "eventId": 6,
        "title": "Gasoline Tanker Explosion Engulfs Local Rainforest",
        "effect": "A severe wildfire starts",
        "pollution": 0,
        "money": 0,
        "deforest": 50
      },
      {
        "type": "bad",
        "eventId": 7,
        "title": "Downed Powerline Sparks Wildfire",
        "effect": "A mild wildfire starts",
        "pollution": 0,
        "money": 0,
        "deforest": 10

      },
      {
        "type": "good",
        "eventId": 8,
        "title": "Charity Golf Tournament Winner Donates to Rainforest Conservation",
        "effect": "Gain $500",
        "pollution": 0,
        "money": 500,
        "deforest": 0
      },
      {
        "type": "bad",
        "eventId": 9,
        "title": "Worldwide Recession Decreases Manufacturing!",
        "effect": "Lose $500 and increase pollution by 25%",
        "pollution": 25,
        "money": -500,
        "deforest": 0
      },
      {
        "type": "bad",
        "eventId": 10,
        "title": "New GreenHaus Chair Causes Outrage",
        "effect": "Increase pollution levels by 30%",
        "pollution": 30,
        "money": 0,
        "deforest": 0
      },
      {
        "type": "bad",
        "eventId": 11,
        "title": "Climate Change Induced Drought Damages Rainforest",
        "effect": "Increase pollution levels by 50%",
        "pollution": 50,
        "money": 0,
        "deforest": 0
      },
      {
        "type": "good",
        "eventId": 12,
        "title": "Slow Sales Year Causes Factory Shutdown",
        "effect": "Decrease pollution levels by 20%",
        "pollution": -20,
        "money": 0,
        "deforest": 0
      },
      {
        "type": "good",
        "eventId": 13,
        "title": "Environmental Regulations Tightened by New Legislation",
        "effect": "Decrease pollution levels by 30%",
        "pollution": -30,
        "money": 0,
        "deforest": 0
      },
      {
        "type": "bad",
        "eventId": 14,
        "title": "Environmental Regulations Relaxed by New Legislation",
        "effect": "Increase pollution levels by 30%",
        "pollution": 30,
        "money": 0,
        "deforest": 0
      },
      {
        "type": "good",
        "eventId": 15,
        "title": "Blockbuster Movie Sparks Massive Donations",
        "effect": "Gain $250",
        "pollution": 0,
        "money": 250,
        "deforest": 0
      }

    ]
}